Date,Close
10/1/2012,1.6131
10/2/2012,1.613
10/3/2012,1.6092
10/4/2012,1.6191
10/5/2012,1.6131
10/6/2012,1.6132
10/7/2012,1.6132
10/8/2012,1.6019
10/9/2012,1.59972
10/10/2012,1.6
10/11/2012,1.6045
10/12/2012,1.6069
10/13/2012,1.6069
10/14/2012,1.6068
10/15/2012,1.607
10/16/2012,1.61151
10/17/2012,1.6139
10/18/2012,1.6056
10/19/2012,1.6004
10/20/2012,1.6005
10/21/2012,1.6
10/22/2012,1.6014
10/23/2012,1.5947
10/24/2012,1.603
10/25/2012,1.6119
10/26/2012,1.6104
10/27/2012,1.6102
10/28/2012,1.6082
10/29/2012,1.603
10/30/2012,1.6072
10/31/2012,1.6131
11/1/2012,1.6131
11/2/2012,1.6023
11/3/2012,1.6031
11/4/2012,1.6018
11/5/2012,1.59844
11/6/2012,1.59908
11/7/2012,1.5978
11/8/2012,1.5976
11/9/2012,1.5894
11/10/2012,1.5894
11/11/2012,1.5891
11/12/2012,1.5874
11/13/2012,1.5873
11/14/2012,1.584
11/15/2012,1.5861
11/16/2012,1.5882
11/17/2012,1.5886
11/18/2012,1.59026
11/19/2012,1.58957
11/20/2012,1.5924
11/21/2012,1.59664
11/22/2012,1.5935
11/23/2012,1.603
11/24/2012,1.6029
11/25/2012,1.6024
11/26/2012,1.60305
11/27/2012,1.6019
11/28/2012,1.6013
11/29/2012,1.6034
11/30/2012,1.6009
12/1/2012,1.6015
12/2/2012,1.60202
12/3/2012,1.60968
12/4/2012,1.60994
12/5/2012,1.60901
12/6/2012,1.6048
12/7/2012,1.6034
12/8/2012,1.6033
12/9/2012,1.6032
12/10/2012,1.6072
12/11/2012,1.61165
12/12/2012,1.6133
12/13/2012,1.61129
12/14/2012,1.6167
12/15/2012,1.6166
12/16/2012,1.6175
12/17/2012,1.6201
12/18/2012,1.62472
12/19/2012,1.6248
12/20/2012,1.627
12/21/2012,1.6164
12/22/2012,1.6164
12/23/2012,1.6155
12/24/2012,1.6125
12/25/2012,1.6136
12/26/2012,1.6126
12/27/2012,1.6115
12/28/2012,1.6168
12/29/2012,1.615
12/30/2012,1.6162
12/31/2012,1.6236
1/1/2013,1.6243
1/2/2013,1.6237
1/3/2013,1.6076
1/4/2013,1.6068
1/5/2013,1.6065
1/6/2013,1.60658
1/7/2013,1.61235
1/8/2013,1.60576
1/9/2013,1.60133
1/10/2013,1.6163
1/11/2013,1.6126
1/12/2013,1.613
1/13/2013,1.6123
1/14/2013,1.60748
1/15/2013,1.6069
1/16/2013,1.5997
1/17/2013,1.59784
1/18/2013,1.5861
1/19/2013,1.5863
1/20/2013,1.58544
1/21/2013,1.5836
1/22/2013,1.5836
1/23/2013,1.5829
1/24/2013,1.5783
1/25/2013,1.5802
1/26/2013,1.5801
1/27/2013,1.5776
1/28/2013,1.5695
1/29/2013,1.57471
1/30/2013,1.5796
1/31/2013,1.5866
2/1/2013,1.5694
2/2/2013,1.5694
2/3/2013,1.5702
2/4/2013,1.5755
2/5/2013,1.5662
2/6/2013,1.566
2/7/2013,1.57112
2/8/2013,1.58
2/9/2013,1.58
2/10/2013,1.5799
2/11/2013,1.565
2/12/2013,1.5676
2/13/2013,1.5531
2/14/2013,1.54901
2/15/2013,1.5512
2/16/2013,1.5513
2/17/2013,1.5478
2/18/2013,1.5479
2/19/2013,1.5424
2/20/2013,1.5226
2/21/2013,1.52586
2/22/2013,1.516
2/23/2013,1.5163
2/24/2013,1.51
2/25/2013,1.516
2/26/2013,1.5127
2/27/2013,1.5163
2/28/2013,1.5161
3/1/2013,1.5037
3/2/2013,1.5036
3/3/2013,1.5034
3/4/2013,1.5132
3/5/2013,1.5133
3/6/2013,1.4993
3/7/2013,1.5024
3/8/2013,1.4923
3/9/2013,1.4922
3/10/2013,1.4907
3/11/2013,1.49023
3/12/2013,1.4902
3/13/2013,1.49233
3/14/2013,1.50879
3/15/2013,1.5112
3/16/2013,1.511
3/17/2013,1.51137
3/18/2013,1.5094
3/19/2013,1.5093
3/20/2013,1.5091
3/21/2013,1.518
3/22/2013,1.5228
3/23/2013,1.5228
3/24/2013,1.525
3/25/2013,1.5176
3/26/2013,1.516
3/27/2013,1.51285
3/28/2013,1.5195
3/29/2013,1.5192
3/30/2013,1.5192
3/31/2013,1.5194
4/1/2013,1.5225
4/2/2013,1.5103
4/3/2013,1.513
4/4/2013,1.5232
4/5/2013,1.5221
4/6/2013,1.5221
4/7/2013,1.5342
4/8/2013,1.5255
4/9/2013,1.53172
4/10/2013,1.53219
4/11/2013,1.5385
4/12/2013,1.5342
4/13/2013,1.5343
4/14/2013,1.5345
4/15/2013,1.52915
4/16/2013,1.536
4/17/2013,1.5237
4/18/2013,1.5287
4/19/2013,1.5228
4/20/2013,1.523
4/21/2013,1.5228
4/22/2013,1.5291
4/23/2013,1.5235
4/24/2013,1.5269
4/25/2013,1.5435
4/26/2013,1.5478
4/27/2013,1.5478
4/28/2013,1.5481
4/29/2013,1.5492
4/30/2013,1.55302
5/1/2013,1.55694
5/2/2013,1.55341
5/3/2013,1.5572
5/4/2013,1.5572
5/5/2013,1.55633
5/6/2013,1.5534
5/7/2013,1.54793
5/8/2013,1.554
5/9/2013,1.54493
5/10/2013,1.5373
5/11/2013,1.5363
5/12/2013,1.5355
5/13/2013,1.5298
5/14/2013,1.5217
5/15/2013,1.5224
5/16/2013,1.52767
5/17/2013,1.5169
5/18/2013,1.5169
5/19/2013,1.5179
5/20/2013,1.5268
5/21/2013,1.5156
5/22/2013,1.5041
5/23/2013,1.5104
5/24/2013,1.5125
5/25/2013,1.5125
5/26/2013,1.5129
5/27/2013,1.51059
5/28/2013,1.5032
5/29/2013,1.5122
5/30/2013,1.5233
5/31/2013,1.5198
6/1/2013,1.519
6/2/2013,1.51943
6/3/2013,1.53173
6/4/2013,1.53094
6/5/2013,1.5404
6/6/2013,1.5595
6/7/2013,1.55553
6/8/2013,1.5557
6/9/2013,1.55271
6/10/2013,1.557
6/11/2013,1.56419
6/12/2013,1.56796
6/13/2013,1.57108
6/14/2013,1.5705
6/15/2013,1.5705
6/16/2013,1.572
6/17/2013,1.5715
6/18/2013,1.5634
6/19/2013,1.5477
6/20/2013,1.5508
6/21/2013,1.54151
6/22/2013,1.5417
6/23/2013,1.53887
6/24/2013,1.5443
6/25/2013,1.5413
6/26/2013,1.5323
6/27/2013,1.52569
6/28/2013,1.52103
6/29/2013,1.5211
6/30/2013,1.5202
7/1/2013,1.5212
7/2/2013,1.5151
7/3/2013,1.5271
7/4/2013,1.5057
7/5/2013,1.4889
7/6/2013,1.4889
7/7/2013,1.4875
7/8/2013,1.495
7/9/2013,1.48585
7/10/2013,1.5164
7/11/2013,1.5175
7/12/2013,1.5109
7/13/2013,1.5109
7/14/2013,1.51
7/15/2013,1.5096
7/16/2013,1.5142
7/17/2013,1.52051
7/18/2013,1.522
7/19/2013,1.5268
7/20/2013,1.5268
7/21/2013,1.52649
7/22/2013,1.5358
7/23/2013,1.53719
7/24/2013,1.5315
7/25/2013,1.5392
7/26/2013,1.5382
7/27/2013,1.5382
7/28/2013,1.53914
7/29/2013,1.5337
7/30/2013,1.5234
7/31/2013,1.5178
8/1/2013,1.5116
8/2/2013,1.52837
8/3/2013,1.5286
8/4/2013,1.52846
8/5/2013,1.53444
8/6/2013,1.5346
8/7/2013,1.549
8/8/2013,1.55359
8/9/2013,1.55034
8/10/2013,1.5505
8/11/2013,1.5506
8/12/2013,1.5453
8/13/2013,1.54448
8/14/2013,1.5505
8/15/2013,1.5636
8/16/2013,1.5627
8/17/2013,1.5627
8/18/2013,1.562
8/19/2013,1.56479
8/20/2013,1.56643
8/21/2013,1.56218
8/22/2013,1.5591
8/23/2013,1.5568
8/24/2013,1.5568
8/25/2013,1.5572
8/26/2013,1.5579
8/27/2013,1.55479
8/28/2013,1.5532
8/29/2013,1.55025
8/30/2013,1.5508
8/31/2013,1.5508
9/1/2013,1.5514
9/2/2013,1.5543
9/3/2013,1.55594
9/4/2013,1.5622
9/5/2013,1.55855
9/6/2013,1.5632
9/7/2013,1.5632
9/8/2013,1.5628
9/9/2013,1.5693
9/10/2013,1.57285
9/11/2013,1.5817
9/12/2013,1.5802
9/13/2013,1.58725
9/14/2013,1.5874
9/15/2013,1.5944
9/16/2013,1.58983
9/17/2013,1.59058
9/18/2013,1.6127
9/19/2013,1.603
9/20/2013,1.60029
9/21/2013,1.6004
9/22/2013,1.60095
9/23/2013,1.604
9/24/2013,1.59989
9/25/2013,1.60745
9/26/2013,1.60362
9/27/2013,1.61357
9/28/2013,1.614
9/29/2013,1.616
9/30/2013,1.619
10/1/2013,1.61957
10/2/2013,1.62233
10/3/2013,1.61601
10/4/2013,1.6008
10/5/2013,1.6008
10/6/2013,1.6039
10/7/2013,1.609
10/8/2013,1.60869
10/9/2013,1.59565
10/10/2013,1.59729
10/11/2013,1.59515
10/12/2013,1.5954
10/13/2013,1.59666
10/14/2013,1.59728
10/15/2013,1.59909
10/16/2013,1.5945
10/17/2013,1.61577
10/18/2013,1.6164
10/19/2013,1.6164
10/20/2013,1.61719
10/21/2013,1.6146
10/22/2013,1.62336
10/23/2013,1.6162
10/24/2013,1.61973
10/25/2013,1.6163
10/26/2013,1.6164
10/27/2013,1.617
10/28/2013,1.61399
10/29/2013,1.6046
10/30/2013,1.6024
10/31/2013,1.60442
11/1/2013,1.5925
11/2/2013,1.5925
11/3/2013,1.59215
11/4/2013,1.59715
11/5/2013,1.6044
11/6/2013,1.60826
11/7/2013,1.6086
11/8/2013,1.60184
11/9/2013,1.601
11/10/2013,1.6001
11/11/2013,1.5985
11/12/2013,1.58874
11/13/2013,1.6041
11/14/2013,1.6051
11/15/2013,1.61151
11/16/2013,1.6111
11/17/2013,1.6112
11/18/2013,1.6114
11/19/2013,1.6133
11/20/2013,1.6097
11/21/2013,1.6186
11/22/2013,1.62224
11/23/2013,1.6223
11/24/2013,1.62305
11/25/2013,1.616
11/26/2013,1.62081
11/27/2013,1.6281
11/28/2013,1.63376
11/29/2013,1.63647
11/30/2013,1.6366
12/1/2013,1.63766
12/2/2013,1.6356
12/3/2013,1.6387
12/4/2013,1.6377
12/5/2013,1.6329
12/6/2013,1.63475
12/7/2013,1.6346
12/8/2013,1.6328
12/9/2013,1.64253
12/10/2013,1.6452
12/11/2013,1.63741
12/12/2013,1.63373
12/13/2013,1.6297
12/14/2013,1.6297
12/15/2013,1.6303
12/16/2013,1.6296
12/17/2013,1.62732
12/18/2013,1.63825
12/19/2013,1.6362
12/20/2013,1.6335
12/21/2013,1.6335
12/22/2013,1.6327
12/23/2013,1.63466
12/24/2013,1.6359
12/25/2013,1.635
12/26/2013,1.64121
12/27/2013,1.6479
12/28/2013,1.6479
12/29/2013,1.64791
12/30/2013,1.6491
12/31/2013,1.6557
1/1/2014,1.6575
1/2/2014,1.64444
1/3/2014,1.64164
1/4/2014,1.6414
1/5/2014,1.6411
1/6/2014,1.64153
1/7/2014,1.6395
1/8/2014,1.6441
1/9/2014,1.64771
1/10/2014,1.64817
1/11/2014,1.6479
1/12/2014,1.6487
1/13/2014,1.63877
1/14/2014,1.64319
1/15/2014,1.63589
1/16/2014,1.6353
1/17/2014,1.6424
1/18/2014,1.6424
1/19/2014,1.6413
1/20/2014,1.64209
1/21/2014,1.64737
1/22/2014,1.6561
1/23/2014,1.663
1/24/2014,1.6482
1/25/2014,1.6482
1/26/2014,1.649
1/27/2014,1.6572
1/28/2014,1.6567
1/29/2014,1.6556
1/30/2014,1.6496
1/31/2014,1.6435
2/1/2014,1.6435
2/2/2014,1.6432
2/3/2014,1.63071
2/4/2014,1.63293
2/5/2014,1.63206
2/6/2014,1.63191
2/7/2014,1.64059
2/8/2014,1.6409
2/9/2014,1.6406
2/10/2014,1.64077
2/11/2014,1.64453
2/12/2014,1.6608
2/13/2014,1.6655
2/14/2014,1.67449
2/15/2014,1.6745
2/16/2014,1.6758
2/17/2014,1.6718
2/18/2014,1.66828
2/19/2014,1.66755
2/20/2014,1.66586
2/21/2014,1.66155
2/22/2014,1.6616
2/23/2014,1.66309
2/24/2014,1.6654
2/25/2014,1.6673
2/26/2014,1.66672
2/27/2014,1.66896
2/28/2014,1.6743
3/1/2014,1.6743
3/2/2014,1.67288
3/3/2014,1.6666
3/4/2014,1.66615
3/5/2014,1.6715
3/6/2014,1.67397
3/7/2014,1.6713
3/8/2014,1.6713
3/9/2014,1.67279
3/10/2014,1.6638
3/11/2014,1.66171
3/12/2014,1.6618
3/13/2014,1.66222
3/14/2014,1.6646
3/15/2014,1.6646
3/16/2014,1.66422
3/17/2014,1.66377
3/18/2014,1.65944
3/19/2014,1.6534
3/20/2014,1.65044
3/21/2014,1.64862
3/22/2014,1.6485
3/23/2014,1.64877
3/24/2014,1.6496
3/25/2014,1.653
3/26/2014,1.65723
3/27/2014,1.66039
3/28/2014,1.66381
3/29/2014,1.6642
3/30/2014,1.66403
3/31/2014,1.66628
4/1/2014,1.6628
4/2/2014,1.66223
4/3/2014,1.65941
4/4/2014,1.6578
4/5/2014,1.6578
4/6/2014,1.65772
4/7/2014,1.66075
4/8/2014,1.6745
4/9/2014,1.67924
4/10/2014,1.6779
4/11/2014,1.67285
4/12/2014,1.6732
4/13/2014,1.6731
4/14/2014,1.67253
4/15/2014,1.6729
4/16/2014,1.67963
4/17/2014,1.67891
4/18/2014,1.6792
4/19/2014,1.6792
4/20/2014,1.6794
4/21/2014,1.6791
4/22/2014,1.68226
4/23/2014,1.6777
4/24/2014,1.68
4/25/2014,1.6804
4/26/2014,1.6799
4/27/2014,1.67987
4/28/2014,1.6809
4/29/2014,1.6822
4/30/2014,1.6874
5/1/2014,1.68892
5/2/2014,1.68726
5/3/2014,1.6873
5/4/2014,1.68752
5/5/2014,1.6866
5/6/2014,1.69735
5/7/2014,1.69529
5/8/2014,1.6932
5/9/2014,1.6852
5/10/2014,1.6852
5/11/2014,1.68564
5/12/2014,1.6866
5/13/2014,1.68277
5/14/2014,1.67655
5/15/2014,1.6791
5/16/2014,1.68131
5/17/2014,1.6815
5/18/2014,1.6823
5/19/2014,1.68112
5/20/2014,1.68348
5/21/2014,1.68973
5/22/2014,1.6867
5/23/2014,1.683
5/24/2014,1.683
5/25/2014,1.6834
5/26/2014,1.6838
5/27/2014,1.68093
5/28/2014,1.6714
5/29/2014,1.67194
5/30/2014,1.6754
5/31/2014,1.6759
6/1/2014,1.6753
6/2/2014,1.6745
6/3/2014,1.6744
6/4/2014,1.67355
6/5/2014,1.68092
6/6/2014,1.6799
6/7/2014,1.6799
6/8/2014,1.6799
6/9/2014,1.68017
6/10/2014,1.6752
6/11/2014,1.6789
6/12/2014,1.6927
6/13/2014,1.69591
6/14/2014,1.697
6/15/2014,1.69723
6/16/2014,1.6976
6/17/2014,1.69594
6/18/2014,1.69883
6/19/2014,1.70368
6/20/2014,1.7011
6/21/2014,1.7011
6/22/2014,1.70178
6/23/2014,1.70287
6/24/2014,1.69838
6/25/2014,1.6985
6/26/2014,1.7028
6/27/2014,1.7035
6/28/2014,1.7037
6/29/2014,1.70346
6/30/2014,1.71041
7/1/2014,1.71478
7/2/2014,1.71602
7/3/2014,1.71534
7/4/2014,1.71579
7/5/2014,1.7158
7/6/2014,1.71559
7/7/2014,1.71326
7/8/2014,1.71314
7/9/2014,1.7155
7/10/2014,1.7128
7/11/2014,1.7114
7/12/2014,1.7114
7/13/2014,1.712
7/14/2014,1.7086
7/15/2014,1.714
7/16/2014,1.7137
7/17/2014,1.7088
7/18/2014,1.7086
7/19/2014,1.7087
7/20/2014,1.7087
7/21/2014,1.7072
7/22/2014,1.70655
7/23/2014,1.7034
7/24/2014,1.69846
7/25/2014,1.6973
7/26/2014,1.6975
7/27/2014,1.6978
7/28/2014,1.698
7/29/2014,1.6944
7/30/2014,1.69103
7/31/2014,1.6886
8/1/2014,1.68178
8/2/2014,1.682
8/3/2014,1.6817
8/4/2014,1.68603
8/5/2014,1.6879
8/6/2014,1.6853
8/7/2014,1.6831
8/8/2014,1.6772
8/9/2014,1.6774
8/10/2014,1.6779
8/11/2014,1.6786
8/12/2014,1.6809
8/13/2014,1.6689
8/14/2014,1.6682
8/15/2014,1.6692
8/16/2014,1.6693
8/17/2014,1.67162
8/18/2014,1.6723
8/19/2014,1.6618
8/20/2014,1.6597
8/21/2014,1.6577
8/22/2014,1.6571
8/23/2014,1.6571
8/24/2014,1.654
8/25/2014,1.6567
8/26/2014,1.65448
8/27/2014,1.65733
8/28/2014,1.6582
8/29/2014,1.6596
8/30/2014,1.6601
8/31/2014,1.6589
9/1/2014,1.6611
9/2/2014,1.6471
9/3/2014,1.6461
9/4/2014,1.63208
9/5/2014,1.63247
9/6/2014,1.6326
9/7/2014,1.62164
9/8/2014,1.6093
9/9/2014,1.6107
9/10/2014,1.6202
9/11/2014,1.6253
9/12/2014,1.62634
9/13/2014,1.6267
9/14/2014,1.6256
9/15/2014,1.62298
9/16/2014,1.62491
9/17/2014,1.62465
9/18/2014,1.64454
9/19/2014,1.6287
9/20/2014,1.6287
9/21/2014,1.6303
9/22/2014,1.6364
9/23/2014,1.6389
9/24/2014,1.6331
9/25/2014,1.63225
9/26/2014,1.62418
9/27/2014,1.6244
9/28/2014,1.6237
9/29/2014,1.62404
9/30/2014,1.62151
10/1/2014,1.6185
10/2/2014,1.6149
10/3/2014,1.5963
10/4/2014,1.5974
10/5/2014,1.5959
10/6/2014,1.60829
10/7/2014,1.60943
10/8/2014,1.6157
10/9/2014,1.6116
10/10/2014,1.6074
10/11/2014,1.6075
10/12/2014,1.60916
10/13/2014,1.60722
10/14/2014,1.58874
10/15/2014,1.5995
10/16/2014,1.6078
10/17/2014,1.60902
10/18/2014,1.6089
10/19/2014,1.6088
10/20/2014,1.616
10/21/2014,1.6109
10/22/2014,1.6044
10/23/2014,1.6034
10/24/2014,1.60885
10/25/2014,1.6089
10/26/2014,1.6088
10/27/2014,1.61227
10/28/2014,1.6141
10/29/2014,1.6003
10/30/2014,1.5995
10/31/2014,1.5997
11/1/2014,1.59802
11/2/2014,1.597
11/3/2014,1.5976
11/4/2014,1.6003
11/5/2014,1.59617
11/6/2014,1.5839
11/7/2014,1.5871
11/8/2014,1.5869
11/9/2014,1.58804
11/10/2014,1.585
11/11/2014,1.5923
11/12/2014,1.5767
11/13/2014,1.5701
11/14/2014,1.56667
11/15/2014,1.5668
11/16/2014,1.5667
11/17/2014,1.56358
11/18/2014,1.56282
11/19/2014,1.5669
11/20/2014,1.56915
11/21/2014,1.5659
11/22/2014,1.5659
11/23/2014,1.5645
11/24/2014,1.5693
11/25/2014,1.57127
11/26/2014,1.57863
11/27/2014,1.5722
11/28/2014,1.5647
11/29/2014,1.5643
11/30/2014,1.561
12/1/2014,1.5731
12/2/2014,1.5645
12/3/2014,1.56924
12/4/2014,1.5676
12/5/2014,1.5582
12/6/2014,1.5582
12/7/2014,1.55642
12/8/2014,1.56485
12/9/2014,1.5685
12/10/2014,1.573
12/11/2014,1.57191
12/12/2014,1.57092
12/13/2014,1.5716
12/14/2014,1.57278
12/15/2014,1.56418
12/16/2014,1.5739
12/17/2014,1.55705
12/18/2014,1.5664
12/19/2014,1.5628
12/20/2014,1.5626
12/21/2014,1.56274
12/22/2014,1.55751
12/23/2014,1.552
12/24/2014,1.5548
12/25/2014,1.5558
12/26/2014,1.5558
12/27/2014,1.5557
12/28/2014,1.5551
12/29/2014,1.55132
12/30/2014,1.5565
12/31/2014,1.5575
1/1/2015,1.55798
1/2/2015,1.53252
1/3/2015,1.5325
1/4/2015,1.5284
1/5/2015,1.5256
1/6/2015,1.5136
1/7/2015,1.5104
1/8/2015,1.50848
1/9/2015,1.5159
1/10/2015,1.5157
1/11/2015,1.5187
1/12/2015,1.5166
1/13/2015,1.5167
1/14/2015,1.5231
1/15/2015,1.5178
1/16/2015,1.5149
1/17/2015,1.51526
1/18/2015,1.514
1/19/2015,1.5087
1/20/2015,1.5143
1/21/2015,1.51421
1/22/2015,1.50061
1/23/2015,1.4989
1/24/2015,1.499
1/25/2015,1.49926
1/26/2015,1.50838
1/27/2015,1.5185
1/28/2015,1.51408
1/29/2015,1.5077
1/30/2015,1.5067
1/31/2015,1.5067
2/1/2015,1.5084
2/2/2015,1.50251
2/3/2015,1.514
2/4/2015,1.5176
2/5/2015,1.5322
2/6/2015,1.5241
2/7/2015,1.5242
2/8/2015,1.5234
2/9/2015,1.52149
2/10/2015,1.5257
2/11/2015,1.5241
2/12/2015,1.5389
2/13/2015,1.5398
2/14/2015,1.5387
2/15/2015,1.5404
2/16/2015,1.5353
2/17/2015,1.53528
2/18/2015,1.5436
2/19/2015,1.5417
2/20/2015,1.5403
2/21/2015,1.539
2/22/2015,1.53861
2/23/2015,1.5452
2/24/2015,1.5437
2/25/2015,1.5526
2/26/2015,1.54153
2/27/2015,1.5433
2/28/2015,1.5432
3/1/2015,1.5404
3/2/2015,1.53575
3/3/2015,1.53652
3/4/2015,1.52626
3/5/2015,1.52461
3/6/2015,1.5034
3/7/2015,1.5032
3/8/2015,1.5057
3/9/2015,1.51021
3/10/2015,1.5077
3/11/2015,1.4933
3/12/2015,1.48916
3/13/2015,1.474
3/14/2015,1.474
3/15/2015,1.4752
3/16/2015,1.48227
3/17/2015,1.47507
3/18/2015,1.49597
3/19/2015,1.47593
3/20/2015,1.495
3/21/2015,1.4948
3/22/2015,1.49389
3/23/2015,1.4949
3/24/2015,1.4832
3/25/2015,1.48751
3/26/2015,1.4857
3/27/2015,1.4874
3/28/2015,1.4871
3/29/2015,1.4883
3/30/2015,1.4808
3/31/2015,1.4828
4/1/2015,1.48346
4/2/2015,1.48276
4/3/2015,1.4827
4/4/2015,1.4914
4/5/2015,1.4928
4/6/2015,1.48877
4/7/2015,1.4821
4/8/2015,1.4875
4/9/2015,1.4715
4/10/2015,1.46321
4/11/2015,1.4638
4/12/2015,1.46392
4/13/2015,1.46668
4/14/2015,1.477
4/15/2015,1.48266
4/16/2015,1.49228
4/17/2015,1.4962
4/18/2015,1.49609
4/19/2015,1.49652
4/20/2015,1.49084
4/21/2015,1.4932
4/22/2015,1.5036
4/23/2015,1.5051
4/24/2015,1.51863
4/25/2015,1.5178
4/26/2015,1.51747
4/27/2015,1.52224
4/28/2015,1.53323
4/29/2015,1.54246
4/30/2015,1.53531
5/1/2015,1.5351
5/2/2015,1.5138
5/3/2015,1.5145
5/4/2015,1.512
5/5/2015,1.5171
5/6/2015,1.5238
5/7/2015,1.54
5/8/2015,1.5439
5/9/2015,1.5459
5/10/2015,1.54341
5/11/2015,1.5576
5/12/2015,1.5667
5/13/2015,1.5734
5/14/2015,1.577
5/15/2015,1.5725
5/16/2015,1.5723
5/17/2015,1.5739
5/18/2015,1.5661
5/19/2015,1.5512
5/20/2015,1.55405
5/21/2015,1.5662
5/22/2015,1.5488
5/23/2015,1.54783
5/25/2015,1.54697
5/26/2015,1.5394
5/27/2015,1.5347
5/28/2015,1.5317
5/29/2015,1.529
5/30/2015,1.52868
6/1/2015,1.5196
6/2/2015,1.5337
6/3/2015,1.53253
6/4/2015,1.536
6/5/2015,1.527
6/6/2015,1.5268
6/8/2015,1.5341
6/9/2015,1.53887
6/10/2015,1.5496
6/11/2015,1.55107
6/12/2015,1.5557
6/15/2015,1.55933
6/16/2015,1.5634
6/17/2015,1.58454
6/18/2015,1.5875
6/19/2015,1.5882
6/22/2015,1.5826
6/23/2015,1.5736
6/24/2015,1.5705
6/25/2015,1.57436
6/26/2015,1.575
6/29/2015,1.5725
6/30/2015,1.5684
7/1/2015,1.5603
7/2/2015,1.5606
7/3/2015,1.5569
7/6/2015,1.55978
7/7/2015,1.546
7/8/2015,1.5367
7/9/2015,1.53702
7/10/2015,1.5524
7/13/2015,1.548
7/14/2015,1.5633
7/15/2015,1.5629
7/16/2015,1.56102
7/17/2015,1.5609
7/18/2015,1.55955
7/20/2015,1.5567
7/21/2015,1.5552
7/22/2015,1.5612
7/23/2015,1.5516
7/24/2015,1.5512
7/27/2015,1.5561
7/28/2015,1.56071
7/29/2015,1.55991
7/30/2015,1.56021
7/31/2015,1.5623
8/1/2015,1.562
8/3/2015,1.5587
8/4/2015,1.5563
8/5/2015,1.5602
8/6/2015,1.5512
8/7/2015,1.5495
8/8/2015,1.5492
8/10/2015,1.55835
8/11/2015,1.5579
8/12/2015,1.561
8/13/2015,1.5613
8/14/2015,1.5641
8/17/2015,1.5582
8/18/2015,1.56627
8/19/2015,1.5681
8/20/2015,1.5687
8/21/2015,1.5697
8/22/2015,1.5685
8/24/2015,1.5758
8/25/2015,1.56932
8/26/2015,1.5477
8/27/2015,1.5409
8/28/2015,1.5391
8/29/2015,1.53852
8/31/2015,1.53635
9/1/2015,1.53021
9/2/2015,1.5303
9/3/2015,1.52584
9/4/2015,1.5169
9/5/2015,1.51585
9/7/2015,1.52765
9/8/2015,1.5396
9/9/2015,1.5355
9/10/2015,1.54388
9/11/2015,1.54275
9/14/2015,1.5425
9/15/2015,1.5342
9/16/2015,1.5519
9/17/2015,1.5565
9/18/2015,1.5531
9/19/2015,1.5533
9/21/2015,1.5505
9/22/2015,1.535
9/23/2015,1.5246
9/24/2015,1.5226
9/25/2015,1.51794
9/26/2015,1.51795
9/28/2015,1.516
9/29/2015,1.5154
9/30/2015,1.5119
10/1/2015,1.5137
10/2/2015,1.5181
10/3/2015,1.5176
10/5/2015,1.5151
10/6/2015,1.5224
10/7/2015,1.5313
10/8/2015,1.5348
10/9/2015,1.5307
10/12/2015,1.5335
10/13/2015,1.5253
10/14/2015,1.5475
10/15/2015,1.547
10/16/2015,1.5434
10/19/2015,1.5467
10/20/2015,1.5444
10/21/2015,1.54216
10/22/2015,1.5381
10/23/2015,1.5313
10/26/2015,1.53563
10/27/2015,1.531
10/28/2015,1.5267
10/29/2015,1.5319
10/30/2015,1.5427
10/31/2015,1.54237
11/2/2015,1.54212
11/3/2015,1.54177
11/4/2015,1.53877
11/5/2015,1.52082
11/6/2015,1.5048
11/7/2015,1.5049
11/9/2015,1.51186
11/10/2015,1.51353
11/11/2015,1.522
11/12/2015,1.52314
11/13/2015,1.5233
11/14/2015,1.523507
11/16/2015,1.52001
11/17/2015,1.5215
11/18/2015,1.5238
11/19/2015,1.52841
11/20/2015,1.519
11/21/2015,1.5185
11/22/2015,1.51867
11/23/2015,1.51247
11/24/2015,1.5083
11/25/2015,1.51216
11/26/2015,1.50974
11/27/2015,1.50296
11/28/2015,1.5036
11/30/2015,1.5055
12/1/2015,1.5074
12/2/2015,1.49451
12/3/2015,1.5131
12/4/2015,1.511
12/5/2015,1.511304
12/7/2015,1.50479
12/8/2015,1.50076
12/9/2015,1.5179
12/10/2015,1.5157
12/11/2015,1.5216
12/12/2015,1.5218
12/14/2015,1.5156
12/15/2015,1.504
12/16/2015,1.4972
12/17/2015,1.4926
12/18/2015,1.48908
12/19/2015,1.4892
12/21/2015,1.4895
12/22/2015,1.4818
12/23/2015,1.48726
12/24/2015,1.49107
12/25/2015,1.4915
12/26/2015,1.46962
12/28/2015,1.4888
12/29/2015,1.48198
12/30/2015,1.4815
12/31/2015,1.47363
1/1/2016,1.4743
1/2/2016,1.47273
1/3/2016,1.4734
1/4/2016,1.471
1/5/2016,1.46737
1/6/2016,1.4627
1/7/2016,1.4621
1/8/2016,1.45176
1/9/2016,1.4513
1/10/2016,1.4523
1/11/2016,1.4542
1/12/2016,1.4435
1/13/2016,1.44093
1/14/2016,1.4422
1/15/2016,1.42531
1/16/2016,1.4249
1/17/2016,1.427
1/18/2016,1.4249
1/19/2016,1.41788
1/20/2016,1.41976
1/21/2016,1.42243
1/22/2016,1.42642
1/23/2016,1.4264
1/24/2016,1.42524
1/25/2016,1.424
1/26/2016,1.4341
1/27/2016,1.4242
1/28/2016,1.4357
1/29/2016,1.4245
1/30/2016,1.424805
1/31/2016,1.4243
2/1/2016,1.44238
2/2/2016,1.4406
2/3/2016,1.45847
2/4/2016,1.4578
2/5/2016,1.45001
2/6/2016,1.45
2/7/2016,1.4507
2/8/2016,1.4432
2/9/2016,1.4459
2/10/2016,1.45212
2/11/2016,1.44782
2/12/2016,1.4502
2/13/2016,1.450999
2/14/2016,1.4517
2/15/2016,1.4453
2/16/2016,1.4301
2/17/2016,1.42799
2/18/2016,1.4328
2/19/2016,1.44037
2/20/2016,1.4405
2/21/2016,1.4261
2/22/2016,1.4146
2/23/2016,1.4005
2/24/2016,1.3928
2/25/2016,1.3965
2/26/2016,1.3869
2/27/2016,1.387501
2/28/2016,1.38604
2/29/2016,1.39264
3/1/2016,1.3958
3/2/2016,1.40783
3/3/2016,1.41711
3/4/2016,1.4227
3/5/2016,1.42369
3/6/2016,1.4209
3/7/2016,1.4258
3/8/2016,1.42045
3/9/2016,1.4204
3/10/2016,1.4283
3/11/2016,1.43829
3/12/2016,1.4386
3/13/2016,1.4377
3/14/2016,1.4278
3/15/2016,1.41545
3/16/2016,1.4249
3/17/2016,1.4473
3/18/2016,1.448
3/19/2016,1.448
3/20/2016,1.446
3/21/2016,1.43657
3/22/2016,1.422
3/23/2016,1.41133
3/24/2016,1.41319
3/25/2016,1.4153
3/26/2016,1.415608
3/27/2016,1.4129
3/28/2016,1.4259
3/29/2016,1.4382
3/30/2016,1.437
3/31/2016,1.43642
4/1/2016,1.4225
4/2/2016,1.4225
4/3/2016,1.42244
4/4/2016,1.4261
4/5/2016,1.41554
4/6/2016,1.413
4/7/2016,1.4051
4/8/2016,1.41227
4/9/2016,1.4125
4/10/2016,1.4129
4/11/2016,1.4231
4/12/2016,1.42654
4/13/2016,1.4187
4/14/2016,1.4138
4/15/2016,1.4194
4/16/2016,1.420494
4/17/2016,1.41791
4/18/2016,1.4283
4/19/2016,1.4384
4/20/2016,1.43358
4/21/2016,1.4321
4/22/2016,1.4401
4/23/2016,1.440901
4/24/2016,1.4443
4/25/2016,1.44857
4/26/2016,1.4573
4/27/2016,1.4538
4/28/2016,1.4609
4/29/2016,1.46075
4/30/2016,1.4614
5/1/2016,1.45997
5/2/2016,1.46614
5/3/2016,1.45464
5/4/2016,1.45047
5/5/2016,1.4489
5/6/2016,1.44286
5/7/2016,1.443126
5/8/2016,1.44252
5/9/2016,1.441
5/10/2016,1.4448
5/11/2016,1.4433
5/12/2016,1.4443
5/13/2016,1.4365
5/14/2016,1.436183
5/15/2016,1.4349
5/16/2016,1.4442
5/17/2016,1.44553
5/18/2016,1.4593
5/19/2016,1.46016
5/20/2016,1.44974
5/21/2016,1.450326
5/22/2016,1.4487
5/23/2016,1.44781
5/24/2016,1.46116
5/25/2016,1.46956
5/26/2016,1.4664
5/27/2016,1.4617
5/28/2016,1.462116
5/29/2016,1.46221
5/30/2016,1.46315
5/31/2016,1.4482
6/1/2016,1.44166
6/2/2016,1.44042
6/3/2016,1.45129
6/4/2016,1.4518
6/5/2016,1.43854
6/6/2016,1.44564
6/7/2016,1.4541
6/8/2016,1.45128
6/9/2016,1.44631
6/10/2016,1.4254
6/11/2016,1.426492
6/12/2016,1.4188
6/13/2016,1.42039
6/14/2016,1.4116
6/15/2016,1.41936
6/16/2016,1.42919
6/17/2016,1.4356
6/18/2016,1.4361
6/19/2016,1.45804
6/20/2016,1.46709
6/21/2016,1.4661
6/22/2016,1.4784
6/23/2016,1.4874
6/24/2016,1.3679
6/25/2016,1.368194
6/26/2016,1.3439
6/27/2016,1.32294
6/28/2016,1.33524
6/29/2016,1.34512
6/30/2016,1.3328
7/1/2016,1.3262
7/2/2016,1.3262
7/3/2016,1.32826
7/4/2016,1.32787
7/5/2016,1.2964
7/6/2016,1.2918
7/7/2016,1.2909
7/8/2016,1.2946
7/9/2016,1.2946
7/10/2016,1.2941
7/11/2016,1.2982
7/12/2016,1.32692
7/13/2016,1.31183
7/14/2016,1.33509
7/15/2016,1.3191
7/16/2016,1.3189
7/17/2016,1.32314
7/18/2016,1.32642
7/19/2016,1.31044
7/20/2016,1.3243
7/21/2016,1.32349
7/22/2016,1.31114
7/23/2016,1.311527
7/24/2016,1.31221
7/25/2016,1.31033
7/26/2016,1.31488
7/27/2016,1.32272
7/28/2016,1.31614
7/29/2016,1.3228
7/30/2016,1.3228
7/31/2016,1.32158
8/1/2016,1.3183
8/2/2016,1.3336
8/3/2016,1.33262
8/4/2016,1.31269
8/5/2016,1.3071
8/6/2016,1.307394
8/7/2016,1.3074
8/8/2016,1.3031
8/9/2016,1.30103
8/10/2016,1.30193
8/11/2016,1.29537
8/12/2016,1.29158
8/13/2016,1.292173
8/14/2016,1.29074
8/15/2016,1.288
8/16/2016,1.30294
8/17/2016,1.3042
8/18/2016,1.31623
8/19/2016,1.30747
8/20/2016,1.30789
8/21/2016,1.3055
8/22/2016,1.3132
8/23/2016,1.31967
8/24/2016,1.32353
8/25/2016,1.31919
8/26/2016,1.3137
8/27/2016,1.3137
8/28/2016,1.31249
8/29/2016,1.3105
8/30/2016,1.30908
8/31/2016,1.31324
9/1/2016,1.32745
9/2/2016,1.3293
9/3/2016,1.3293
9/4/2016,1.32935
9/5/2016,1.3309
9/6/2016,1.34142
9/7/2016,1.33394
9/8/2016,1.3306
9/9/2016,1.32643
9/10/2016,1.3269
9/11/2016,1.3271
9/12/2016,1.3335
9/13/2016,1.31919
9/14/2016,1.3263
9/15/2016,1.32459
9/16/2016,1.3
9/17/2016,1.3
9/18/2016,1.30124
9/19/2016,1.30396
9/20/2016,1.29822
9/21/2016,1.30314
9/22/2016,1.30821
9/23/2016,1.2972
9/24/2016,1.2968
9/25/2016,1.2977
9/26/2016,1.2967
9/27/2016,1.3008
9/28/2016,1.30361
9/29/2016,1.2965
9/30/2016,1.2975
10/1/2016,1.2962
10/2/2016,1.29284
10/3/2016,1.28579
10/4/2016,1.27291
10/5/2016,1.2752
10/6/2016,1.23881
10/7/2016,1.24346
10/8/2016,1.243935
10/9/2016,1.24345
10/10/2016,1.23458
10/11/2016,1.22713
10/12/2016,1.21862
10/13/2016,1.22254
10/14/2016,1.21846
10/15/2016,1.2189
10/16/2016,1.21738
10/17/2016,1.22183
10/18/2016,1.23008
10/19/2016,1.2293
10/20/2016,1.22553
10/21/2016,1.2235
10/22/2016,1.2245
10/23/2016,1.22176
10/24/2016,1.2223
10/25/2016,1.21741
10/26/2016,1.2246
10/27/2016,1.2168
10/28/2016,1.2188
10/29/2016,1.2191
10/30/2016,1.2206
10/31/2016,1.2232
11/1/2016,1.22355
11/2/2016,1.23027
11/3/2016,1.24637
11/4/2016,1.2516
11/5/2016,1.2517
11/6/2016,1.24867
11/7/2016,1.23976
11/8/2016,1.23839
11/9/2016,1.242
11/10/2016,1.2552
11/11/2016,1.26
11/12/2016,1.26
11/13/2016,1.25757
11/14/2016,1.25155
11/15/2016,1.24509
11/16/2016,1.24381
11/17/2016,1.24088
11/18/2016,1.2343
11/19/2016,1.2343
11/20/2016,1.23219
11/21/2016,1.24918
11/22/2016,1.24217
11/23/2016,1.24301
11/24/2016,1.24508
11/25/2016,1.2475
11/26/2016,1.2475
11/27/2016,1.24785
11/28/2016,1.24074
11/29/2016,1.24888
11/30/2016,1.2515
12/1/2016,1.25874
12/2/2016,1.27315
12/3/2016,1.2727
12/4/2016,1.26703
12/5/2016,1.27248
12/6/2016,1.26692
12/7/2016,1.26263
12/8/2016,1.2581
12/9/2016,1.25743
12/10/2016,1.2576
12/11/2016,1.25959
12/12/2016,1.2675
12/13/2016,1.26594
12/14/2016,1.25344
12/15/2016,1.24218
12/16/2016,1.2495
12/17/2016,1.2489
12/18/2016,1.24887
12/19/2016,1.2387
12/20/2016,1.23625
12/21/2016,1.2352
12/22/2016,1.22824
12/23/2016,1.22764
12/24/2016,1.2277
12/25/2016,1.22883
12/26/2016,1.2275
12/27/2016,1.2275
12/28/2016,1.22235
12/29/2016,1.22851
12/30/2016,1.2337
12/31/2016,1.2338
1/1/2017,1.23412
1/2/2017,1.2278
1/3/2017,1.2244
1/4/2017,1.23231
1/5/2017,1.24222
1/6/2017,1.2286
1/7/2017,1.2287
1/8/2017,1.2255
1/9/2017,1.21707
1/10/2017,1.21716
1/11/2017,1.22112
1/12/2017,1.2164
1/13/2017,1.2177
1/14/2017,1.2175
1/15/2017,1.20374
1/16/2017,1.2039
1/17/2017,1.23871
1/18/2017,1.2258
1/19/2017,1.23352
1/20/2017,1.23639
1/21/2017,1.2364
1/22/2017,1.23855
1/23/2017,1.2515
1/24/2017,1.25316
1/25/2017,1.26328
1/26/2017,1.25944
1/27/2017,1.25467
1/28/2017,1.2551
1/29/2017,1.25906
1/30/2017,1.24996
1/31/2017,1.2587
2/1/2017,1.26565
2/2/2017,1.25187
2/3/2017,1.24814
2/4/2017,1.2486
2/5/2017,1.2481
2/6/2017,1.24673
2/7/2017,1.24945
2/8/2017,1.25263
2/9/2017,1.24969
2/10/2017,1.249
2/11/2017,1.249
2/12/2017,1.24826
2/13/2017,1.25213
2/14/2017,1.24688
2/15/2017,1.24688
2/16/2017,1.24877
2/17/2017,1.24074
2/18/2017,1.2411
2/19/2017,1.24326
2/20/2017,1.24713
2/21/2017,1.24862
2/22/2017,1.24528
2/23/2017,1.25543
2/24/2017,1.2466
2/25/2017,1.2467
2/26/2017,1.23973
2/27/2017,1.2437
2/28/2017,1.23769
3/1/2017,1.22713
3/2/2017,1.22732
3/3/2017,1.22928
3/4/2017,1.2294
3/5/2017,1.2299
3/6/2017,1.2238
3/7/2017,1.2203
3/8/2017,1.2173
3/9/2017,1.2155
3/10/2017,1.217
3/12/2017,1.2169
3/13/2017,1.22057
3/14/2017,1.21563
3/15/2017,1.22802
3/16/2017,1.23493
3/17/2017,1.23944
3/18/2017,1.2398
3/19/2017,1.23831
3/20/2017,1.23685
3/21/2017,1.2479
3/22/2017,1.24737
3/23/2017,1.25164
3/24/2017,1.24739
3/25/2017,1.2474
3/26/2017,1.25134
3/27/2017,1.2557
3/28/2017,1.24205
3/29/2017,1.24388
3/30/2017,1.2477
3/31/2017,1.2543
4/1/2017,1.2542
4/2/2017,1.25385
4/3/2017,1.24901
4/4/2017,1.2438
4/5/2017,1.24868
4/6/2017,1.24674
4/7/2017,1.23729
4/8/2017,1.2372
4/9/2017,1.23741
4/10/2017,1.24235
4/11/2017,1.2491
4/12/2017,1.25487
4/13/2017,1.2503
4/14/2017,1.2517
4/15/2017,1.2521
4/16/2017,1.25333
4/17/2017,1.25563
4/18/2017,1.28434
4/19/2017,1.27809
4/20/2017,1.28006
4/21/2017,1.2812
4/22/2017,1.2815
4/23/2017,1.28246
4/24/2017,1.27757
4/25/2017,1.2831
4/26/2017,1.28456
4/27/2017,1.28927
4/28/2017,1.2948
4/29/2017,1.2948
4/30/2017,1.29305
5/1/2017,1.2895
5/2/2017,1.29404
5/3/2017,1.28713
5/4/2017,1.29246
5/5/2017,1.2979
5/6/2017,1.2981
5/7/2017,1.29646
5/8/2017,1.29406
5/9/2017,1.29478
5/10/2017,1.2929
5/11/2017,1.28891
5/12/2017,1.28858
5/13/2017,1.2887
5/14/2017,1.28838
5/15/2017,1.29003
5/16/2017,1.29159
5/17/2017,1.29683
5/18/2017,1.29552
5/19/2017,1.30365
5/20/2017,1.3034
5/21/2017,1.30108
5/22/2017,1.2994
5/23/2017,1.29558
5/24/2017,1.29781
5/25/2017,1.29305
5/26/2017,1.28052
5/27/2017,1.2805
5/28/2017,1.28129
5/29/2017,1.28131
5/30/2017,1.28085
5/31/2017,1.2874
6/1/2017,1.28859
6/2/2017,1.28881
6/3/2017,1.289
6/4/2017,1.28692
6/5/2017,1.29063
6/6/2017,1.29046
6/7/2017,1.29612
6/8/2017,1.27198
6/9/2017,1.27417
6/10/2017,1.2743
6/11/2017,1.2738
6/12/2017,1.26687
6/13/2017,1.27487
6/14/2017,1.27537
6/15/2017,1.27561
6/16/2017,1.27754
6/17/2017,1.278
6/18/2017,1.2776
6/19/2017,1.27302
6/20/2017,1.26315
6/21/2017,1.26746
6/22/2017,1.26771
6/23/2017,1.27189
6/24/2017,1.2717
6/25/2017,1.27424
6/26/2017,1.2723
6/27/2017,1.28119
6/28/2017,1.29403
6/29/2017,1.30102
6/30/2017,1.30263
7/1/2017,1.3027
7/2/2017,1.30153
7/3/2017,1.2945
7/4/2017,1.29354
7/5/2017,1.29308
7/6/2017,1.297
7/7/2017,1.28812
7/8/2017,1.2892
7/9/2017,1.2891
7/10/2017,1.28798
7/11/2017,1.28588
7/12/2017,1.28923
7/13/2017,1.2946
7/14/2017,1.3095
7/15/2017,1.3099
7/16/2017,1.31093
7/17/2017,1.30512
7/18/2017,1.30375
7/19/2017,1.30291
7/20/2017,1.29643
7/21/2017,1.29939
7/22/2017,1.2995
7/23/2017,1.30034
7/24/2017,1.30275
7/25/2017,1.30257
7/26/2017,1.31131
7/27/2017,1.30754
7/28/2017,1.3133
7/29/2017,1.3134
7/30/2017,1.31433
7/31/2017,1.31944
8/1/2017,1.32065
8/2/2017,1.32273
8/3/2017,1.3142
8/4/2017,1.30349
8/5/2017,1.3039
8/6/2017,1.30457
8/7/2017,1.30356
8/8/2017,1.29848
8/9/2017,1.3009
8/10/2017,1.29753
8/11/2017,1.30086
8/12/2017,1.3011
8/13/2017,1.3005
8/14/2017,1.2962
8/15/2017,1.2866
8/16/2017,1.28909
8/17/2017,1.2865
8/18/2017,1.28724
8/19/2017,1.2872
8/20/2017,1.28724
8/21/2017,1.28961
8/22/2017,1.28239
8/23/2017,1.28029
8/24/2017,1.28025
8/25/2017,1.28769
8/26/2017,1.2886
8/27/2017,1.29038
8/28/2017,1.2925
8/29/2017,1.29221
8/30/2017,1.29194
8/31/2017,1.29381
9/1/2017,1.2949
9/2/2017,1.2949
9/3/2017,1.29632
9/4/2017,1.29227
9/5/2017,1.30417
9/6/2017,1.30467
9/7/2017,1.31034
9/8/2017,1.3197
9/9/2017,1.3198
9/10/2017,1.31958
9/11/2017,1.31684
9/12/2017,1.32883
9/13/2017,1.32049
9/14/2017,1.33979
9/15/2017,1.3592
9/16/2017,1.3592
9/17/2017,1.3572
9/18/2017,1.3515
9/19/2017,1.35138
9/20/2017,1.34873
9/21/2017,1.35782
9/22/2017,1.3492
9/23/2017,1.35
9/24/2017,1.35062
9/25/2017,1.3476
9/26/2017,1.3443
9/27/2017,1.33975
9/28/2017,1.34291
9/29/2017,1.3396
9/30/2017,1.33917
10/1/2017,1.3396
10/2/2017,1.32741
10/3/2017,1.3241
10/4/2017,1.3233
10/5/2017,1.31111
10/6/2017,1.3064
10/7/2017,1.3064
10/8/2017,1.30822
10/9/2017,1.31414
10/10/2017,1.3208
10/11/2017,1.32383
10/12/2017,1.32622
10/13/2017,1.3285
10/14/2017,1.3286
10/15/2017,1.3286
10/16/2017,1.3252
10/17/2017,1.3192
10/18/2017,1.32115
10/19/2017,1.31492
10/20/2017,1.319
10/21/2017,1.3195
10/22/2017,1.31893
10/23/2017,1.3205
10/24/2017,1.31278
10/25/2017,1.32726
10/26/2017,1.3127
10/27/2017,1.3127
10/28/2017,1.3125
10/29/2017,1.31328
10/30/2017,1.32114
10/31/2017,1.32909
11/1/2017,1.32542
11/2/2017,1.30521
11/3/2017,1.3075
11/4/2017,1.3078
11/5/2017,1.30788
11/6/2017,1.317
11/7/2017,1.31716
11/8/2017,1.31121
11/9/2017,1.31432
11/10/2017,1.3188
11/11/2017,1.3188
11/12/2017,1.31189
11/13/2017,1.312
11/14/2017,1.31554
11/15/2017,1.31734
11/16/2017,1.31991
11/17/2017,1.3211
11/18/2017,1.3211
11/19/2017,1.32016
11/20/2017,1.32412
11/21/2017,1.32442
11/22/2017,1.3315
11/23/2017,1.3304
11/24/2017,1.3336
11/25/2017,1.3337
11/26/2017,1.3323
11/27/2017,1.3319
11/28/2017,1.3362
11/29/2017,1.34157
11/30/2017,1.3529
12/1/2017,1.3471
12/2/2017,1.3471
12/3/2017,1.34915
12/4/2017,1.34727
12/5/2017,1.34136
12/6/2017,1.33892
12/7/2017,1.34811
12/8/2017,1.3389
12/9/2017,1.3385
12/10/2017,1.3389
12/11/2017,1.33456
12/12/2017,1.33181
12/13/2017,1.34079
12/14/2017,1.34316
12/15/2017,1.332
12/16/2017,1.3322
12/17/2017,1.33156
12/18/2017,1.3378
12/19/2017,1.33852
12/20/2017,1.33706
12/21/2017,1.33789
12/22/2017,1.3361
12/23/2017,1.3358
12/24/2017,1.3363
12/25/2017,1.33738
12/26/2017,1.3373
12/27/2017,1.34024
12/28/2017,1.34391
12/29/2017,1.3512
12/30/2017,1.3514
12/31/2017,1.3514
1/1/2018,1.351
1/2/2018,1.3594
1/3/2018,1.35105
1/4/2018,1.355
1/5/2018,1.3568
1/6/2018,1.35666
1/7/2018,1.35748
1/8/2018,1.35694
1/9/2018,1.35316
1/10/2018,1.3512
1/11/2018,1.35403
1/12/2018,1.3728
1/13/2018,1.3732
1/14/2018,1.37316
1/15/2018,1.37954
1/16/2018,1.3797
1/17/2018,1.38264
1/18/2018,1.38912
1/19/2018,1.3858
1/20/2018,1.3858
1/21/2018,1.3889
1/22/2018,1.3981
1/23/2018,1.4013
1/24/2018,1.4217
1/25/2018,1.4149
1/26/2018,1.4169
1/27/2018,1.41462
1/28/2018,1.41478
1/29/2018,1.4074
1/30/2018,1.41547
1/31/2018,1.41992
2/1/2018,1.42658
2/2/2018,1.4122
2/3/2018,1.4122
2/4/2018,1.41101
2/5/2018,1.39423
2/6/2018,1.39562
2/7/2018,1.3877
2/8/2018,1.39335
2/9/2018,1.3829
2/10/2018,1.3829
2/11/2018,1.3823
2/12/2018,1.385
2/13/2018,1.3884
2/14/2018,1.40137
2/15/2018,1.41027
2/16/2018,1.4027
2/17/2018,1.4027
2/18/2018,1.40298
2/19/2018,1.39915
2/20/2018,1.39993
2/21/2018,1.39089
2/22/2018,1.3951
2/23/2018,1.3967
2/24/2018,1.3966
2/25/2018,1.39668
2/26/2018,1.39652
2/27/2018,1.3905
2/28/2018,1.3752
3/1/2018,1.3774
3/2/2018,1.3806
3/3/2018,1.3806
3/4/2018,1.379
3/5/2018,1.3847
3/6/2018,1.38986
3/7/2018,1.3902
3/8/2018,1.3804
3/9/2018,1.3852
3/10/2018,1.3852
3/11/2018,1.3854
3/12/2018,1.39067
3/13/2018,1.3968
3/14/2018,1.397
3/15/2018,1.3936
3/16/2018,1.3942
3/17/2018,1.3942
3/18/2018,1.39422
3/19/2018,1.40243
3/20/2018,1.40029
3/21/2018,1.41432
3/22/2018,1.41129
3/23/2018,1.4136
3/24/2018,1.4136
3/25/2018,1.41463
3/26/2018,1.42373
3/27/2018,1.41745
3/28/2018,1.40791
3/29/2018,1.4025
3/30/2018,1.4015
3/31/2018,1.4015
4/1/2018,1.40371
4/2/2018,1.40455
4/3/2018,1.40674
4/4/2018,1.40868
4/5/2018,1.40073
4/6/2018,1.4086
4/7/2018,1.4086
4/8/2018,1.40903
4/9/2018,1.4134
4/10/2018,1.4182
4/11/2018,1.4187
4/12/2018,1.42361
4/13/2018,1.4241
4/14/2018,1.4241
4/15/2018,1.4244
4/16/2018,1.4341
4/17/2018,1.42958
4/18/2018,1.4202
4/19/2018,1.40845
4/20/2018,1.4003
4/21/2018,1.4003
4/22/2018,1.40004
4/23/2018,1.39374
4/24/2018,1.39944
4/25/2018,1.3937
4/26/2018,1.39184
4/27/2018,1.3779
4/28/2018,1.3779
4/29/2018,1.3769
4/30/2018,1.377
5/1/2018,1.36085
5/2/2018,1.3572
5/3/2018,1.3571
5/4/2018,1.3528
5/5/2018,1.3534
5/6/2018,1.35311
5/7/2018,1.3568
5/8/2018,1.3552
5/9/2018,1.35435
5/10/2018,1.352
5/11/2018,1.3545
5/12/2018,1.3545
5/13/2018,1.35499
5/14/2018,1.35613
5/15/2018,1.34992
5/16/2018,1.35459
5/17/2018,1.35109
5/18/2018,1.347
5/19/2018,1.347
5/20/2018,1.3477
5/21/2018,1.34313
5/22/2018,1.3439
5/23/2018,1.33693
5/24/2018,1.33824
5/25/2018,1.3307
5/26/2018,1.3307
5/27/2018,1.3308
5/28/2018,1.3313
5/29/2018,1.3253
5/30/2018,1.32827
5/31/2018,1.32883
6/1/2018,1.3348
6/2/2018,1.3345
6/3/2018,1.33535
6/4/2018,1.33154
6/5/2018,1.3406
6/6/2018,1.34205
6/7/2018,1.3415
6/8/2018,1.3394
6/9/2018,1.341
6/10/2018,1.3412
6/11/2018,1.33721
6/12/2018,1.3372
6/13/2018,1.3381
6/14/2018,1.3256
6/15/2018,1.3278
6/16/2018,1.3278
6/17/2018,1.3272
6/18/2018,1.32576
6/19/2018,1.31723
6/20/2018,1.3171
6/21/2018,1.32465
6/22/2018,1.3267
6/23/2018,1.3267
6/24/2018,1.3261
6/25/2018,1.32775
6/26/2018,1.32199
6/27/2018,1.31193
6/28/2018,1.30739
6/29/2018,1.3208
6/30/2018,1.3208
7/1/2018,1.32066
7/2/2018,1.3142
7/3/2018,1.3191
7/4/2018,1.3228
7/5/2018,1.32214
7/6/2018,1.3287
7/7/2018,1.3284
7/8/2018,1.32946
7/9/2018,1.32542
7/10/2018,1.32563
7/11/2018,1.3206
7/12/2018,1.3177
7/13/2018,1.3229
7/14/2018,1.3229
7/15/2018,1.32267
7/16/2018,1.32354
7/17/2018,1.31035
7/18/2018,1.30769
7/19/2018,1.30219
7/20/2018,1.3132
7/21/2018,1.3138
7/22/2018,1.31461
7/23/2018,1.3102
7/24/2018,1.3151
7/25/2018,1.3197
7/26/2018,1.31076
7/27/2018,1.3105
7/28/2018,1.3105
7/29/2018,1.31109
7/30/2018,1.31344
7/31/2018,1.31184
8/1/2018,1.31251
8/2/2018,1.3017
8/3/2018,1.3
8/4/2018,1.3
8/5/2018,1.30024
8/6/2018,1.29427
8/7/2018,1.2945
8/8/2018,1.28781
8/9/2018,1.28275
8/10/2018,1.2768
8/11/2018,1.2768
8/12/2018,1.27574
8/13/2018,1.27615
8/14/2018,1.27175
8/15/2018,1.2691
8/16/2018,1.27119
8/17/2018,1.2755
8/18/2018,1.2755
8/19/2018,1.2745
8/20/2018,1.28033
8/21/2018,1.2905
8/22/2018,1.29035
8/23/2018,1.28083
8/24/2018,1.2844
8/25/2018,1.2844
8/26/2018,1.2859
8/27/2018,1.28957
8/28/2018,1.28667
8/29/2018,1.3036
8/30/2018,1.30098
8/31/2018,1.296
9/1/2018,1.296
9/2/2018,1.2922
9/3/2018,1.28678
9/4/2018,1.28574
9/5/2018,1.29129
9/6/2018,1.29242
9/7/2018,1.292
9/8/2018,1.292
9/9/2018,1.29288
9/10/2018,1.3024
9/11/2018,1.30143
9/12/2018,1.30442
9/13/2018,1.31103
9/14/2018,1.3069
9/15/2018,1.3069
9/16/2018,1.30719
9/17/2018,1.3144
9/18/2018,1.31675
9/19/2018,1.31401
9/20/2018,1.327
9/21/2018,1.3072
9/22/2018,1.3072
9/23/2018,1.30788
9/24/2018,1.31162
9/25/2018,1.31789
9/26/2018,1.317
9/27/2018,1.30744
9/28/2018,1.3029
9/29/2018,1.3029
9/30/2018,1.30374
10/1/2018,1.30427
10/2/2018,1.29789
10/3/2018,1.29395
10/4/2018,1.3023
10/5/2018,1.3119
10/6/2018,1.3122
10/7/2018,1.31255
10/8/2018,1.30918
10/9/2018,1.3154
10/10/2018,1.3206
10/11/2018,1.3233
10/12/2018,1.3153
10/13/2018,1.3153
10/14/2018,1.31029
10/15/2018,1.31536
10/16/2018,1.31862
10/17/2018,1.3101
10/18/2018,1.30196
10/19/2018,1.3071
10/20/2018,1.3071
10/21/2018,1.30645
10/22/2018,1.29648
10/23/2018,1.29801
10/24/2018,1.28857
10/25/2018,1.2824
10/26/2018,1.2832
10/27/2018,1.2832
10/28/2018,1.283
10/29/2018,1.28012
10/30/2018,1.27077
10/31/2018,1.27686
11/1/2018,1.30026
11/2/2018,1.2981
11/3/2018,1.2972
11/4/2018,1.30049
11/5/2018,1.30559
11/6/2018,1.31116
11/7/2018,1.31274
11/8/2018,1.30654
11/9/2018,1.2977
11/10/2018,1.2977
11/11/2018,1.29375
11/12/2018,1.2856
11/13/2018,1.30129
11/14/2018,1.29849
11/15/2018,1.27647
11/16/2018,1.2839
11/17/2018,1.284
11/18/2018,1.28317
11/19/2018,1.28578
11/20/2018,1.2788
11/21/2018,1.2774
11/22/2018,1.2876
11/23/2018,1.2821
11/24/2018,1.2821
11/25/2018,1.281
11/26/2018,1.28124
11/27/2018,1.274
11/28/2018,1.28218
11/29/2018,1.2782
11/30/2018,1.2761
12/1/2018,1.2751
12/2/2018,1.275
12/3/2018,1.27248
12/4/2018,1.27188
12/5/2018,1.27265
12/6/2018,1.27774
12/7/2018,1.273
12/8/2018,1.273
12/9/2018,1.272
12/10/2018,1.25584
12/11/2018,1.24917
12/12/2018,1.26274
12/13/2018,1.2653
12/14/2018,1.2587
12/15/2018,1.2587
12/16/2018,1.25836
12/17/2018,1.26142
12/18/2018,1.2653
12/19/2018,1.26265
12/20/2018,1.26672
12/21/2018,1.2657
12/22/2018,1.2657
12/23/2018,1.26478
12/24/2018,1.2714
12/25/2018,1.26853
12/26/2018,1.26467
12/27/2018,1.26444
12/28/2018,1.2707
12/29/2018,1.2703
12/30/2018,1.2689
12/31/2018,1.2736
1/1/2019,1.27527
1/2/2019,1.252
1/3/2019,1.2626
1/4/2019,1.2729
1/5/2019,1.2729
1/6/2019,1.27332
1/7/2019,1.2782
1/8/2019,1.27363
1/9/2019,1.2797
1/10/2019,1.2751
1/11/2019,1.2851
1/12/2019,1.2851
1/13/2019,1.2848
1/14/2019,1.28735
1/15/2019,1.28709
1/16/2019,1.28844
1/17/2019,1.29827
1/18/2019,1.2882
1/19/2019,1.2881
1/20/2019,1.28502
1/21/2019,1.289
1/22/2019,1.29563
1/23/2019,1.308
1/24/2019,1.31193
1/25/2019,1.3201
1/26/2019,1.3198
1/27/2019,1.3206
1/28/2019,1.31589
1/29/2019,1.3076
1/30/2019,1.31157
1/31/2019,1.31083
2/1/2019,1.309
2/2/2019,1.3089
2/3/2019,1.3076
2/4/2019,1.3028
2/5/2019,1.29558
2/6/2019,1.2933
2/7/2019,1.2948
2/8/2019,1.2943
2/9/2019,1.2949
2/10/2019,1.29354
2/11/2019,1.28624
2/12/2019,1.28911
2/13/2019,1.28542
2/14/2019,1.2797
2/15/2019,1.2895
2/16/2019,1.2895
2/17/2019,1.29047
2/18/2019,1.2921
2/19/2019,1.30592
2/20/2019,1.30441
2/21/2019,1.304
2/22/2019,1.3052
2/23/2019,1.3052
2/24/2019,1.3063
2/25/2019,1.31259
2/26/2019,1.32563
2/27/2019,1.33172
2/28/2019,1.3264
3/1/2019,1.3209
3/2/2019,1.3209
3/3/2019,1.32373
3/4/2019,1.31776
3/5/2019,1.31538
3/6/2019,1.3181
3/7/2019,1.3089
3/8/2019,1.3016
3/9/2019,1.3016
3/10/2019,1.29871
3/11/2019,1.32449
3/12/2019,1.3063
3/13/2019,1.3284
3/14/2019,1.3257
3/15/2019,1.3317
3/16/2019,1.3317
3/17/2019,1.32959
3/18/2019,1.3262
3/19/2019,1.32683
3/20/2019,1.3203
3/21/2019,1.31293
3/22/2019,1.321
3/23/2019,1.3215
3/24/2019,1.3205
3/25/2019,1.32143
3/26/2019,1.3209
3/27/2019,1.31523
3/28/2019,1.3053
3/29/2019,1.3043
3/30/2019,1.3043
3/31/2019,1.30214
4/1/2019,1.3067
4/2/2019,1.31263
4/3/2019,1.31751
4/4/2019,1.30725
4/5/2019,1.3037
4/6/2019,1.3037
4/7/2019,1.30364
4/8/2019,1.30607
4/9/2019,1.30559
4/10/2019,1.3096
4/11/2019,1.30545
4/12/2019,1.3082
4/13/2019,1.3079
4/14/2019,1.30828
4/15/2019,1.3098
4/16/2019,1.3042
4/17/2019,1.30376
4/18/2019,1.29907
4/19/2019,1.2995
4/20/2019,1.2995
4/21/2019,1.29922
4/22/2019,1.29802